id,Danceability
17170,5.5
17171,5.5
17172,3.5
17173,3.5
17174,5.5
17175,5
17176,3.5
17177,3
17178,3.5
17179,4
17180,4.5
17181,4
17182,5
17183,5.5
17184,4.5
17185,5
17186,5
17187,1.5
17188,4
17189,5.5
17190,7.5
17191,5.5
17192,7
17193,7.5
17194,4
17195,8.5
17196,8
17197,7
17198,8.5
17199,4.5
17200,4
17201,2.5
17202,0
17203,2.5
17204,6.5
17205,3
17206,5.5
17207,1
17208,2
17209,1.5
17210,4.5
17211,5
17212,0.5
17213,8
17214,6.5
17215,5.5
17216,6.5
17217,5.5
17218,5.5
17219,5.5
17220,5.5
17221,1.5
17222,5.5
17223,5
17224,3
17225,1.5
17226,3.5
17227,3
17228,3.5
17229,2.5
17230,1.5
17231,3.5
17232,3.5
17233,2.5
17234,2
17235,4.5
17236,2.5
17237,1.5
17238,1
17239,4
17240,0.5
17241,1.5
17242,0.5
17243,3.5
17244,1
17245,4.5
17246,4.5
17247,7.5
17248,2.5
17249,5.5
17250,1.5
17251,3.5
17252,4
17253,3.5
17254,5
17255,7.5
17256,5
17257,6.5
17258,3
17259,3
17260,5
17261,4.5
17262,6.5
17263,8.5
17264,5.5
17265,6.5
17266,4
17267,5
17268,8
17269,5
17270,7.5
17271,8
17272,5.5
17273,6.5
17274,7
17275,6.5
17276,4.5
17277,3
17278,5.5
17279,5
17280,2.5
17281,5.5
17282,1.5
17283,7
17284,7.5
17285,7
17286,4.5
17287,3
17288,7.5
17289,4.5
17290,6
17291,5
17292,6.5
17293,5
17294,8
17295,7.5
17296,6
17297,4.5
17298,6
17299,8.5
17300,8.5
17301,7
17302,7
17303,1
17304,6.5
17305,4
17306,5
17307,4
17308,1
17309,7
17310,6.5
17311,6.5
17312,4.5
17313,5.5
17314,7
17315,7.5
17316,6
17317,6
17318,4.5
17319,4
17320,8
17321,4.5
17322,3.5
17323,3.5
17324,3.5
17325,3
17326,4.5
17327,2
17328,1.5
17329,5
17330,3
17331,5.5
17332,5
17333,3
17334,3
17335,4
17336,7
17337,5.5
17338,7
17339,6.5
17340,7
17341,7
17342,4
17343,1.5
17344,2.5
17345,3
17346,6
17347,4.5
17348,4.5
17349,2.5
17350,7
17351,3.5
17352,6.5
17353,5.5
17354,6
17355,4
17356,6
17357,6.5
17358,5.5
17359,8.5
17360,6
17361,6.5
17362,6.5
17363,7
17364,7
17365,6.5
17366,4
17367,7.5
17368,7.5
17369,7
17370,8
17371,7.5
17372,3.5
17373,4.5
17374,4.5
17375,5
17376,5
17377,0.5
17378,3
17379,8
17380,4.5
17381,7
17382,6.5
17383,6.5
17384,9
17385,5.5
17386,6.5
17387,7
17388,7
17389,6.5
17390,6.5
17391,5.5
17392,7.5
17393,6.5
17394,6.5
17395,5.5
17396,8
17397,6.5
17398,5
17399,5
17400,5.5
17401,3
17402,5.5
17403,3.5
17404,6.5
17405,7.5
17406,3
17407,4.5
17408,5
17409,4
17410,3.5
17411,5.5
17412,2.5
17413,7.5
17414,7
17415,4
17416,6.5
17417,7
17418,6.5
17419,8
17420,5
17421,8
17422,4.5
17423,1
17424,7
17425,7
17426,4.5
17427,4.5
17428,1.5
17429,3.5
17430,4
17431,6
17432,6.5
17433,3
17434,7
17435,4.5
17436,3.5
17437,1.5
17438,6.5
17439,4
17440,2.5
17441,3.5
17442,2.5
17443,2
17444,5
17445,3
17446,2.5
17447,6.5
17448,1.5
17449,6
17450,5.5
17451,5.5
17452,4.5
17453,6.5
17454,7.5
17455,4
17456,5.5
17457,5
17458,7
17459,7.5
17460,3
17461,6.5
17462,3
17463,2
17464,6
17465,2.5
17466,4
17467,2.5
17468,5.5
17469,4.5
17470,3
17471,7
17472,3.5
17473,5
17474,4
17475,3
17476,7
17477,5
17478,7.5
17479,3.5
17480,5
17481,5
17482,6
17483,5
17484,5
17485,6
17486,8
17487,3.5
17488,6.5
17489,3
17490,7
17491,5
17492,6
17493,6
17494,4.5
17495,3
17496,7
17497,7
17498,7
17499,6
17500,3
17501,4
17502,4.5
17503,3.5
17504,3
17505,2
17506,1.5
17507,3
17508,3.5
17509,7
17510,7
17511,3
17512,6.5
17513,4
17514,4
17515,5.5
17516,4
17517,2.5
17518,5.5
17519,4.5
17520,3.5
17521,8
17522,7
17523,7
17524,5.5
17525,6.5
17526,7
17527,6
17528,6
17529,5.5
17530,4
17531,6
17532,4.5
17533,3.5
17534,6
17535,5.5
17536,5.5
17537,7.5
17538,3.5
17539,6
17540,7.5
17541,7
17542,1.5
17543,4
17544,4
17545,7.5
17546,4
17547,7
17548,4.5
17549,2.5
17550,6
17551,7.5
17552,5
17553,5
17554,7.5
17555,5.5
17556,5.5
17557,4.5
17558,5.5
17559,7.5
17560,7
17561,6.5
17562,4
17563,2.5
17564,5
17565,6.5
17566,6.5
17567,2.5
17568,5.5
17569,0.5
17570,3
17571,7.5
17572,6
17573,3.5
17574,2.5
17575,4.5
17576,2
17577,5.5
17578,5
17579,5.5
17580,7.5
17581,5.5
17582,4
17583,4.5
17584,5
17585,4.5
17586,6
17587,4.5
17588,3.5
17589,5
17590,7.5
17591,7
17592,7
17593,3
17594,6
17595,7
17596,3
17597,2.5
17598,6
17599,6
17600,3.5
17601,7
17602,6
17603,3
17604,3
17605,1
17606,1.5
17607,5.5
17608,7
17609,8
17610,1
17611,5
17612,5.5
17613,8
17614,0.5
17615,3
17616,4
17617,4
17618,1.5
17619,2.5
17620,4
17621,1.5
17622,5
17623,5
17624,3
17625,5
17626,7
17627,2.5
17628,2.5
17629,3
17630,7.5
17631,2
17632,5.5
17633,1
17634,4
17635,3.5
17636,6
17637,1
17638,1.5
17639,4.5
17640,4
17641,1.5
17642,5
17643,3.5
17644,6
17645,2.5
17646,4
17647,2
17648,4.5
17649,1
17650,4.5
17651,2.5
17652,3
17653,5
17654,1.5
17655,3
17656,3.5
17657,1
17658,0
17659,0
17660,0.5
17661,0
17662,2
17663,0.5
17664,0.5
17665,0
17666,0
17667,6
17668,3
17669,2.5
17670,2
17671,1
17672,4
17673,4
17674,1.5
17675,1
17676,6.5
17677,1.5
17678,1.5
17679,1.5
17680,2
17681,7
17682,6.5
17683,4.5
17684,3.5
17685,5
17686,3.5
17687,1.5
17688,2.5
17689,2.5
17690,4
17691,4
17692,1
17693,1.5
17694,3
17695,3.5
17696,2
17697,0
17698,1.5
17699,2.5
17700,1.5
17701,5
17702,5.5
17703,5.5
17704,3
17705,5.5
17706,4
17707,4
17708,8
17709,5
17710,4
17711,1
17712,6.5
17713,4
17714,1
17715,0.5
17716,1.5
17717,0
17718,3
17719,2.5
17720,1.5
17721,0
17722,0.5
17723,0.5
17724,2
17725,3.5
17726,2.5
17727,1
17728,4
17729,1.5
17730,3
17731,1.5
17732,2.5
17733,1.5
17734,6
17735,3.5
17736,4.5
17737,2
17738,3
17739,1.5
17740,2
17741,1.5
17742,8.5
17743,7
17744,2
17745,3.5
17746,2.5
17747,4
17748,3.5
17749,1
17750,5.5
17751,3
17752,4
17753,5.5
17754,5.5
17755,4
17756,5.5
17757,4.5
17758,7
17759,2.5
17760,0.5
17761,4
17762,3.5
17763,5.5
17764,1
17765,7.5
17766,6
17767,5.5
17768,5
17769,2.5
17770,2
17771,6
17772,6.5
17773,8.5
17774,6
17775,5.5
17776,6
17777,3.5
17778,6
17779,8.5
17780,5.5
17781,5.5
17782,3
17783,8
17784,7
17785,3.5
17786,5.5
17787,1
17788,2.5
17789,4.5
17790,2.5
17791,4
17792,4
17793,5.5
17794,3
17795,9
17796,7
17797,8.5
17798,8
17799,4
17800,7
17801,2.5
17802,8.5
17803,6.5
17804,7.5
17805,4
17806,6
17807,3.5
17808,1
17809,8
17810,5.5
17811,3
17812,4.5
17813,5.5
17814,5
17815,5
17816,5
17817,3
17818,5
17819,6.5
17820,6.5
17821,3
17822,4
17823,7.5
17824,3
17825,8
17826,5
17827,7.5
17828,5
17829,7
17830,2.5
17831,6.5
17832,6.5
17833,1.5
17834,3
17835,6.5
17836,2.5
17837,1.5
17838,5.5
17839,2.5
17840,4
17841,7
17842,5.5
17843,6
17844,6.5
17845,6.5
17846,5.5
17847,6
17848,7
17849,8
17850,8
17851,6.5
17852,4
17853,7.5
17854,7.5
17855,4.5
17856,6
17857,5.5
17858,4.5
17859,7
17860,8
17861,4.5
17862,3.5
17863,4
17864,5.5
17865,7
17866,8
17867,3
17868,4
17869,6
17870,4.5
17871,1.5
17872,7
17873,3.5
17874,5.5
17875,1.5
17876,3.5
17877,3.5
17878,6
17879,4
17880,2.5
17881,1
17882,3
17883,2.5
17884,7
17885,2.5
17886,1.5
17887,3.5
17888,6.5
17889,6
17890,5.5
17891,4.5
17892,1.5
17893,1
17894,4
17895,7
17896,8
17897,3.5
17898,8.5
17899,2.5
17900,6.5
17901,7
17902,7
17903,6
17904,3
17905,8
17906,5.5
17907,7
17908,3.5
17909,5
17910,6
17911,2.5
17912,4
17913,5
17914,1
17915,7
17916,3
17917,5
17918,6
17919,2
17920,3.5
17921,1
17922,2.5
17923,6
17924,5
17925,2
17926,0.5
17927,4.5
17928,1
17929,3
17930,3.5
17931,2.5
17932,5
17933,6
17934,5.5
17935,6
17936,5.5
17937,6
17938,5
17939,4
17940,2.5
17941,8
17942,7.5
17943,3
17944,1.5
17945,4
17946,5.5
17947,5
17948,4
17949,3
17950,1.5
17951,3
17952,7
17953,2.5
17954,6
17955,6.5
17956,7
17957,5.5
17958,7.5
17959,7.5
17960,3
17961,5
17962,2
17963,8.5
17964,7.5
17965,7.5
17966,7
17967,4
17968,7.5
17969,7.5
17970,7.5
17971,5.5
17972,5.5
17973,8
17974,6
17975,6.5
17976,6.5
17977,6.5
17978,5.5
17979,3.5
17980,5
17981,5.5
17982,2
17983,7
17984,6.5
17985,7
17986,7.5
17987,7.5
17988,6
17989,6.5
17990,8
17991,7
17992,4.5
17993,6.5
17994,3
17995,3.5
17996,7.5
17997,5.5
17998,7
17999,6.5
18000,7
18001,8
18002,3
18003,4.5
18004,3.5
18005,1.5
18006,3
18007,3.5
18008,7.5
18009,5
18010,3
18011,5
18012,1.5
18013,6.5
18014,3
18015,5.5
18016,1.5
18017,4
18018,3
18019,7
18020,7.5
18021,2.5
18022,6
18023,4
18024,5.5
18025,7
18026,5.5
18027,6.5
18028,6
18029,0.5
18030,0
18031,2
18032,1.5
18033,1
18034,2
18035,0
18036,2
18037,0
18038,6
18039,6.5
18040,3
18041,8
18042,3.5
18043,3.5
18044,4.5
18045,4.5
18046,3.5
18047,6
18048,4.5
18049,2.5
18050,3
18051,6
18052,2
18053,7
18054,3
18055,7
18056,4.5
18057,4
18058,7
18059,2.5
18060,5
18061,3
18062,5.5
18063,6
18064,2
18065,5.5
18066,8
18067,7
18068,8
18069,4.5
18070,4.5
18071,3.5
18072,3.5
18073,5.5
18074,7.5
18075,5
18076,5.5
18077,6
18078,6
18079,2.5
18080,2
18081,6.5
18082,5
18083,4
18084,6.5
18085,7.5
18086,7.5
18087,5.5
18088,6
18089,6
18090,5.5
18091,2.5
18092,4
18093,1.5
18094,3
18095,3.5
18096,4.5
18097,1.5
18098,5
18099,5
18100,1.5
18101,3.5
18102,5
18103,5.5
18104,5.5
18105,5
18106,6
18107,3.5
18108,1.5
18109,5.5
18110,5.5
18111,3
18112,5
18113,3
18114,5.5
18115,1.5
18116,6.5
18117,5.5
18118,5.5
18119,4
18120,5
18121,3.5
18122,3.5
18123,2.5
18124,8
18125,6
18126,1
18127,5.5
18128,7
18129,3.5
18130,5
18131,1.5
18132,4.5
18133,2
18134,1.5
18135,1.5
18136,3
18137,7
18138,6
18139,6.5
18140,1.5
18141,5
18142,1.5
18143,4.5
18144,5
18145,6.5
18146,5.5
18147,3
18148,3.5
18149,2.5
18150,7.5
18151,7
18152,8.5
18153,4
18154,6.5
18155,6
18156,6
18157,8
18158,3
18159,6.5
18160,8
18161,4
18162,7.5
18163,6.5
18164,4.5
18165,7.5
18166,4.5
18167,6.5
18168,4.5
18169,6
18170,8
18171,7
18172,7.5
18173,5
18174,8.5
18175,7.5
18176,6.5
18177,5.5
18178,6
18179,4.5
18180,7
18181,5.5
18182,7.5
18183,5.5
18184,4.5
18185,6
18186,4.5
18187,5.5
18188,5.5
18189,1
18190,2
18191,4
18192,6.5
18193,2.5
18194,1
18195,5
18196,5
18197,4.5
18198,0
18199,2.5
18200,1.5
18201,0
18202,0.5
18203,0.5
18204,0
18205,0
18206,3.5
18207,1
18208,4
18209,0
18210,5.5
18211,7.5
18212,8
18213,7.5
18214,8.5
18215,4
18216,5.5
18217,8
18218,5.5
18219,6
18220,5
18221,1.5
18222,7.5
18223,5.5
18224,7.5
18225,2.5
18226,7
18227,4.5
18228,6.5
18229,7.5
18230,3
18231,4
18232,4
18233,3
18234,3.5
18235,4.5
18236,4.5
18237,4.5
18238,3
18239,6.5
18240,6
18241,5
18242,5
18243,6.5
18244,2.5
18245,6
18246,6.5
18247,4.5
18248,6
18249,2.5
18250,5
18251,3.5
18252,8
18253,3
18254,4.5
18255,3.5
18256,2
18257,2
18258,1
18259,6.5
18260,4.5
18261,5.5
18262,1.5
18263,1
18264,0
18265,3.5
18266,1
18267,1.5
18268,3
18269,5.5
18270,4.5
18271,2
18272,3.5
18273,3
18274,5.5
18275,4
18276,2.5
18277,5.5
18278,2.5
18279,7
18280,7.5
18281,7
18282,5
18283,7.5
18284,2.5
18285,7.5
18286,2.5
18287,5
18288,3.5
18289,5.5
18290,5
18291,8
18292,8
18293,6
18294,5
18295,2.5
18296,2
18297,7
18298,1.5
18299,3.5
18300,4
18301,2.5
18302,3.5
18303,3
18304,5.5
18305,5
18306,5
18307,0.5
18308,7
18309,6
18310,7
18311,6.5
18312,6
18313,6
18314,3.5
18315,6
18316,6
18317,4.5
18318,1
18319,1.5
18320,1.5
18321,2.5
18322,2.5
18323,6.5
18324,0.5
18325,3.5
18326,6
18327,8.5
18328,3.5
18329,7
18330,3
18331,6
18332,5.5
18333,3
18334,1.5
18335,3
18336,4.5
18337,3
18338,1
18339,3
18340,5
18341,4
18342,3
18343,4
18344,2.5
18345,2.5
18346,2.5
18347,4.5
18348,4
18349,3
18350,4
18351,4.5
18352,7
18353,8
18354,5.5
18355,4.5
18356,4.5
18357,3.5
18358,8
18359,5
18360,7
18361,0.5
18362,4.5
18363,5.5
18364,5.5
18365,3
18366,5
18367,2
18368,6.5
18369,4
18370,6
18371,6
18372,2
18373,6
18374,9
18375,8
18376,5.5
18377,5
18378,6.5
18379,8
18380,3
18381,4
18382,7.5
18383,6
18384,6.5
18385,5.5
18386,8
18387,7.5
18388,6.5
18389,6
18390,7
18391,0
18392,1.5
18393,0.5
18394,4
18395,0
18396,3
18397,0.5
18398,0
18399,2
18400,7
18401,0.5
18402,1
18403,5.5
18404,2.5
18405,4
18406,2.5
18407,4
18408,5.5
18409,5.5
18410,8
18411,2.5
18412,4.5
18413,5
18414,4
18415,3.5
18416,7.5
18417,5
18418,0.5
18419,0
18420,0
18421,1
18422,1.5
18423,1
18424,0
18425,0
18426,1.5
18427,1
18428,1.5
18429,4.5
18430,6.5
18431,2.5
18432,1.5
18433,4.5
18434,2
18435,2
18436,1
18437,3
18438,2
18439,2.5
18440,1.5
18441,4.5
18442,4
18443,5
18444,1.5
18445,3
18446,7
18447,5
18448,7.5
18449,5.5
18450,4.5
18451,3.5
18452,5.5
18453,6
18454,4.5
18455,3
18456,6
18457,4
18458,7.5
18459,2
18460,3
18461,6.5
18462,6.5
18463,4.5
18464,7
18465,4.5
18466,1
18467,1.5
18468,2
18469,5
18470,3
18471,3
18472,4.5
18473,4.5
18474,4.5
18475,0.5
18476,3.5
18477,5
18478,4.5
18479,2.5
18480,5
18481,6.5
18482,2.5
18483,6
18484,7
18485,7.5
18486,3.5
18487,1.5
18488,2.5
18489,6.5
18490,6
18491,3
18492,4.5
18493,4.5
18494,7
18495,4.5
18496,7
18497,4
18498,2.5
18499,5.5
18500,2.5
18501,4.5
18502,4
18503,3
18504,5
18505,6.5
18506,6
18507,3.5
18508,6.5
18509,6.5
18510,6.5
18511,6
18512,6.5
18513,6
18514,5.5
18515,3
18516,3
18517,2
18518,5
18519,3.5
18520,8
18521,6
18522,1.5
18523,6
18524,3.5
18525,3.5
18526,3.5
18527,5.5
18528,5.5
18529,5.5
18530,3.5
18531,3.5
18532,5.5
18533,5
18534,4
18535,2
18536,4.5
18537,3.5
18538,7.5
18539,5.5
18540,1.5
18541,2.5
18542,2.5
18543,6
18544,5.5
18545,3
18546,3.5
18547,6.5
18548,3.5
18549,3
18550,2.5
18551,1.5
18552,1.5
18553,2
18554,1.5
18555,2
18556,3
18557,2
18558,5
18559,4.5
18560,6.5
18561,1.5
18562,7
18563,2
18564,6
18565,3
18566,6
18567,4
18568,6.5
18569,3
18570,8.5
18571,4.5
18572,5
18573,5.5
18574,4.5
18575,5
18576,2.5
18577,2.5
18578,5.5
18579,7
18580,8
18581,2.5
18582,1.5
18583,5
18584,3
18585,4
18586,1.5
18587,4
18588,7
18589,2.5
18590,2.5
18591,4.5
18592,1.5
18593,2.5
18594,2
18595,3
18596,0.5
18597,1.5
18598,2
18599,1.5
18600,2.5
18601,5
18602,6
18603,3.5
18604,8
18605,7.5
18606,6.5
18607,4
18608,8
18609,4.5
18610,5
18611,1.5
18612,4
18613,2.5
18614,5.5
18615,2.5
18616,1.5
18617,5
18618,5
18619,4
18620,3
18621,4
18622,0.5
18623,5.5
18624,1
18625,4.5
18626,1.5
18627,4
18628,3
18629,2
18630,5.5
18631,3
18632,2
18633,0.5
18634,5.5
18635,6
18636,4
18637,1
18638,2
18639,4.5
18640,2.5
18641,3
18642,3.5
18643,2.5
18644,5
18645,2.5
18646,3
18647,1.5
18648,1
18649,0.5
18650,3.5
18651,1
18652,2
18653,3.5
18654,6.5
18655,7
18656,7
18657,2
18658,7
18659,5.5
18660,6
18661,6
18662,7
18663,8
18664,5.5
18665,3.5
18666,5.5
18667,4
18668,7
18669,2
18670,2
18671,5
18672,1
18673,6.5
18674,4
18675,2.5
18676,1
18677,1
18678,5
18679,3
18680,1.5
18681,2.5
18682,1.5
18683,4.5
18684,6.5
18685,3.5
18686,5
18687,4
18688,3
18689,2.5
18690,3.5
18691,7.5
18692,5
18693,1.5
18694,6
18695,2.5
18696,3.5
18697,2
18698,2
18699,2.5
18700,5.5
18701,6
18702,5.5
18703,5
18704,5
18705,2.5
18706,6
18707,1.5
18708,7
18709,3
18710,4.5
18711,3.5
18712,4.5
18713,4.5
18714,6.5
18715,5
18716,4
18717,4.5
18718,7.5
18719,3.5
18720,1
18721,5.5
18722,2
18723,4.5
18724,5.5
18725,6
18726,5.5
18727,7.5
18728,8.5
18729,7.5
18730,8
18731,6
18732,6
18733,7
18734,5
18735,2.5
18736,3
18737,5
18738,5
18739,6
18740,5
18741,2.5
18742,4.5
18743,4.5
18744,4
18745,1
18746,3.5
18747,1.5
18748,3
18749,4.5
18750,5
18751,5
18752,1.5
18753,1.5
18754,2.5
18755,2
18756,1
18757,5.5
18758,0
18759,6
18760,6.5
18761,5.5
18762,8
18763,2.5
18764,6.5
18765,5.5
18766,4
18767,5.5
18768,4
18769,3.5
18770,7.5
18771,6.5
18772,5.5
18773,5.5
18774,3.5
18775,2.5
18776,1
18777,7.5
18778,6
18779,6.5
18780,8
18781,6
18782,6
18783,5.5
18784,2.5
18785,4
18786,6
18787,5
18788,8
18789,8
18790,4.5
18791,7.5
18792,6.5
18793,3.5
18794,7.5
18795,4.5
18796,7
18797,6
18798,6.5
18799,2.5
18800,5
18801,5.5
18802,5
18803,6.5
18804,6
18805,4.5
18806,3
18807,3
18808,1.5
18809,1.5
18810,3.5
18811,6.5
18812,0.5
18813,3.5
18814,2.5
18815,7.5
18816,6
18817,1.5
18818,5
18819,5.5
18820,1
18821,4.5
18822,3.5
18823,4.5
18824,5
18825,4.5
18826,5
18827,5
18828,7
18829,2.5
18830,6.5
18831,3.5
18832,2.5
18833,7.5
18834,7
18835,7
18836,5.5
18837,6
18838,7.5
18839,4.5
18840,8
18841,7
18842,3
18843,6.5
18844,6.5
18845,0
18846,0
18847,2
18848,1
18849,0.5
18850,0.5
18851,0
18852,0
18853,0
18854,0.5
18855,3
18856,1.5
18857,3.5
18858,3
18859,1.5
18860,2
18861,1.5
18862,2.5
18863,2.5
18864,2
18865,7.5
18866,5.5
18867,6
18868,3.5
18869,6.5
18870,7
18871,6.5
18872,7.5
18873,7.5
18874,7
18875,3.5
18876,7
18877,7.5
18878,6.5
18879,5
18880,8
18881,3
18882,5
18883,3.5
18884,4
18885,5.5
18886,6.5
18887,6
18888,7.5
18889,2
18890,1.5
18891,7
18892,5
18893,6.5
18894,1.5
18895,1
18896,5.5
18897,5.5
18898,4
18899,4.5
18900,6.5
18901,3
18902,2
18903,4
18904,1.5
18905,6.5
18906,0
18907,0
18908,0
18909,1
18910,1.5
18911,0
18912,1
18913,0
18914,0.5
18915,0.5
18916,4.5
18917,5.5
18918,4
18919,2.5
18920,8
18921,7
18922,1.5
18923,7.5
18924,2
18925,5
18926,2.5
18927,3.5
18928,3.5
18929,1.5
18930,3.5
18931,4
18932,4
18933,5
18934,6
18935,7.5
18936,3.5
18937,4.5
18938,8.5
18939,3
18940,2.5
18941,4.5
18942,3.5
18943,6
18944,4.5
18945,6
18946,6
18947,6.5
18948,7
18949,6
18950,5
18951,7
18952,8.5
18953,5
18954,5.5
18955,5.5
18956,6.5
18957,3.5
18958,4
18959,4
18960,5
18961,3.5
18962,3
18963,3.5
18964,2
18965,2.5
18966,4.5
18967,5
18968,2
18969,1.5
18970,1
18971,6.5
18972,6.5
18973,8
18974,6.5
18975,4.5
18976,5.5
18977,5
18978,7
18979,4
18980,3.5
18981,6
18982,4.5
18983,5
18984,3.5
18985,8.5
18986,6.5
18987,7
18988,6
18989,6
18990,6
18991,3.5
18992,3
18993,6.5
18994,5
18995,5
18996,6.5
18997,5
18998,7
18999,6
19000,6.5
19001,2
19002,5
19003,3
19004,3
19005,4
19006,4.5
19007,5
19008,1.5
19009,7
19010,7
19011,2.5
19012,4.5
19013,2.5
19014,6
19015,3
19016,5.5
19017,6
19018,2.5
19019,5
19020,2
19021,3.5
19022,5.5
19023,1.5
19024,6.5
19025,2
19026,3.5
19027,4
19028,4.5
19029,6
19030,1.5
19031,2.5
19032,1
19033,5
19034,4.5
19035,3.5
19036,2
19037,5.5
19038,2.5
19039,3
19040,3.5
19041,3
19042,4.5
19043,1
19044,4.5
19045,6.5
19046,4
19047,6.5
19048,2
19049,4
19050,1
19051,3.5
19052,3.5
19053,2.5
19054,1.5
19055,4
19056,3.5
19057,2.5
19058,6
19059,4.5
19060,2.5
19061,7
19062,4.5
19063,7
19064,6
19065,3
19066,2
19067,4.5
19068,2
19069,2
19070,2
19071,4.5
19072,4
19073,0.5
19074,0.5
19075,6
19076,5.5
19077,1.5
19078,0.5
19079,1
19080,4.5
19081,0.5
19082,0.5
19083,5
19084,3.5
19085,3.5
19086,1.5
19087,0.5
19088,4
19089,3.5
19090,3.5
19091,5
19092,3.5
19093,1
19094,3
19095,3
19096,2.5
19097,2.5
19098,3.5
19099,4
19100,5.5
19101,4
19102,1
19103,2.5
19104,4.5
19105,2
19106,5
19107,2
19108,0.5
19109,2
19110,3
19111,2.5
19112,3
19113,2
19114,3.5
19115,2
19116,1.5
19117,2
19118,4.5
19119,2
19120,3
19121,4
19122,1
19123,2
19124,2
19125,2.5
19126,2.5
19127,1
19128,2
19129,3
19130,4
19131,1
19132,3.5
19133,3.5
19134,2
19135,7.5
19136,5
19137,4.5
19138,1
19139,1
19140,2
19141,5.5
19142,4
19143,2.5
19144,1.5
19145,7
19146,3
19147,4.5
19148,5
19149,4.5
19150,6
19151,5
19152,4.5
19153,7
19154,6.5
19155,7.5
19156,7
19157,3.5
19158,4.5
19159,8
19160,5
19161,7.5
19162,7
19163,5
19164,0.5
19165,2.5
19166,3
19167,1
19168,2.5
19169,3
19170,2.5
19171,2.5
19172,5
19173,4.5
19174,5
19175,2.5
19176,4
19177,5
19178,5
19179,2
19180,5
19181,5.5
19182,4
19183,5.5
19184,2
19185,1.5
19186,3
19187,4
19188,7
19189,7.5
19190,6.5
19191,1
19192,4
19193,4.5
19194,7
19195,4.5
19196,2.5
19197,7
19198,4
19199,6
19200,7
19201,7
19202,4.5
19203,5
19204,4.5
19205,6.5
19206,6
19207,3.5
19208,3.5
19209,2.5
19210,4
19211,6.5
19212,2
19213,4
19214,7
19215,4
19216,2
19217,6.5
19218,7.5
19219,6.5
19220,3
19221,2.5
19222,6
19223,5
19224,7
19225,5
19226,5.5
19227,3
19228,0.5
19229,4.5
19230,4
19231,3
19232,3.5
19233,8
19234,3
19235,2
19236,4
19237,3.5
19238,5
19239,2.5
19240,2.5
19241,5
19242,4.5
19243,7
19244,5.5
19245,4
19246,5.5
19247,5
19248,4
19249,3
19250,3
19251,2.5
19252,0
19253,6
19254,6
19255,7
19256,2.5
19257,1.5
19258,1
19259,8.5
19260,2.5
19261,4.5
19262,6.5
19263,1.5
19264,8
19265,4.5
19266,3.5
19267,3
19268,8
19269,4
19270,4.5
19271,3
19272,4.5
19273,6.5
19274,6.5
19275,5
19276,3.5
19277,2.5
19278,6
19279,6
19280,3
19281,5
19282,4
19283,5
19284,7
19285,7
19286,7
19287,6.5
19288,7
19289,2
19290,3.5
19291,4
19292,7
19293,4.5
19294,6.5
19295,5.5
19296,3
19297,3
19298,3
19299,6
19300,4.5
19301,1.5
19302,5.5
19303,2.5
19304,5.5
19305,4.5
19306,6
19307,2
19308,6.5
19309,5
19310,2
19311,0.5
19312,5.5
19313,9
19314,4
19315,4
19316,6.5
19317,4
19318,3
19319,1
19320,3.5
19321,4
19322,3.5
19323,2
19324,3
19325,5
19326,6.5
19327,3.5
19328,3.5
19329,4.5
19330,3
19331,5
19332,1.5
19333,3
19334,6
19335,6.5
19336,5.5
19337,5.5
19338,6.5
19339,2
19340,5
19341,7
19342,4
19343,5.5
19344,3
19345,3.5
19346,3
19347,2.5
19348,6
19349,6.5
19350,2
19351,3.5
19352,5
19353,5
19354,8
19355,6.5
19356,3.5
19357,5
19358,3.5
19359,5.5
19360,3.5
19361,1
19362,6.5
19363,5.5
19364,4
19365,4
19366,5
19367,3.5
19368,1
19369,2.5
19370,4.5
19371,5.5
19372,6.5
19373,6.5
19374,3
19375,5
19376,3.5
19377,7
19378,2.5
19379,7.5
19380,2
19381,7.5
19382,3
19383,3
19384,1
19385,3
19386,2.5
19387,5
19388,7
19389,6
19390,4
19391,4
19392,6
19393,4
19394,3
19395,5
19396,5.5
19397,5
19398,6.5
19399,6.5
19400,6.5
19401,3.5
19402,4.5
19403,6
19404,3
19405,4
19406,4.5
19407,4.5
19408,6.5
19409,3
19410,4
19411,6
19412,4.5
19413,6.5
19414,5
19415,4
19416,2
19417,6.5
19418,5.5
19419,7
19420,6
19421,4.5
19422,6
19423,5
19424,4.5
19425,3
19426,2.5
19427,4.5
19428,6
19429,5.5
19430,6.5
19431,3
19432,3
19433,6
19434,5
19435,5.5
19436,4
19437,2
19438,5.5
19439,5.5
19440,5
19441,3.5
19442,2
19443,6
19444,4.5
19445,3.5
19446,7.5
19447,6
19448,3
19449,4.5
19450,6.5
19451,2
19452,5
19453,4
19454,3.5
19455,3.5
19456,2.5
19457,6
19458,4
19459,3
19460,4.5
19461,6
19462,4
19463,3.5
19464,6.5
19465,7
19466,6.5
19467,6.5
19468,5
19469,5.5
19470,2
19471,6
19472,5
19473,5.5
19474,6.5
19475,7.5
19476,2.5
19477,5
19478,7.5
19479,3
19480,1.5
19481,3
19482,4.5
19483,6.5
19484,7
19485,6.5
19486,7
19487,4
19488,6.5
19489,4
19490,7.5
19491,4.5
19492,6
19493,5.5
19494,5.5
19495,5
19496,4
19497,5
19498,7.5
19499,3
19500,4.5
19501,6.5
19502,2.5
19503,2.5
19504,3.5
19505,2.5
19506,7.5
19507,2.5
19508,3
19509,1.5
19510,4.5
19511,5.5
19512,3
19513,6
19514,6.5
19515,3
19516,5.5
19517,3.5
19518,6
19519,6.5
19520,8
19521,5
19522,7
19523,7
19524,2
19525,4.5
19526,5.5
19527,8
19528,5
19529,6.5
19530,6.5
19531,3
19532,8.5
19533,2
19534,6.5
19535,3
19536,2
19537,3.5
19538,4.5
19539,5
19540,4
19541,4
19542,3.5
19543,3
19544,6.5
19545,4.5
19546,3
19547,4
19548,7
19549,5.5
19550,4
19551,3
19552,5.5
19553,3
19554,5.5
19555,5
19556,6
19557,5.5
19558,4.5
19559,4
19560,5.5
19561,5
19562,4.5
19563,2
19564,5.5
19565,3
19566,2.5
19567,4.5
19568,1.5
19569,6
19570,7
19571,5
19572,1
19573,7.5
19574,2
19575,6
19576,7
19577,5
19578,2
19579,1.5
19580,5
19581,2.5
19582,7
19583,5.5
19584,3
19585,3.5
19586,6
19587,3.5
19588,8
19589,6
19590,6.5
19591,6
19592,4
19593,5.5
19594,7
19595,4
19596,0.5
19597,1.5
19598,1
19599,2.5
19600,3
19601,3.5
19602,0.5
19603,6.5
19604,4
19605,7
19606,7
19607,7
19608,5
19609,7.5
19610,5.5
19611,3.5
19612,6.5
19613,5
19614,3
19615,6
19616,6.5
19617,6
19618,2.5
19619,6.5
19620,1.5
19621,4.5
19622,4.5
19623,1
19624,4
19625,5
19626,3
19627,6
19628,6
19629,5
19630,5.5
19631,7
19632,8
19633,4
19634,3
19635,6.5
19636,4.5
19637,4.5
19638,6
19639,4.5
19640,3
19641,5
19642,4.5
19643,6
19644,4
19645,5.5
19646,6
19647,5
19648,8
19649,2
19650,3
19651,3
19652,4
19653,3
19654,7
19655,6.5
19656,5.5
19657,6.5
19658,3.5
19659,5
19660,4.5
19661,5
19662,6
19663,7.5
19664,3
19665,7
19666,2
19667,7
19668,2.5
19669,2
19670,4.5
19671,6
19672,5
19673,2.5
19674,8
19675,8
19676,7.5
19677,3
19678,6.5
19679,2.5
19680,5
19681,4.5
19682,2
19683,4.5
19684,6.5
19685,1.5
19686,6
19687,3
19688,2
19689,3
19690,7
19691,4.5
19692,6.5
19693,7
19694,0.5
19695,7.5
19696,4.5
19697,1
19698,8
19699,6.5
19700,5.5
19701,5
19702,2.5
19703,4.5
19704,7.5
19705,6
19706,6.5
19707,5
19708,3.5
19709,1.5
19710,4.5
19711,7.5
19712,4.5
19713,6
19714,4
19715,8
19716,1
19717,5.5
19718,4.5
19719,5
19720,7
19721,5.5
19722,4
19723,6
19724,7.5
19725,2.5
19726,2.5
19727,3.5
19728,4
19729,4.5
19730,3
19731,7
19732,3.5
19733,4
19734,1
19735,2.5
19736,2.5
19737,5.5
19738,2
19739,7
19740,5.5
19741,6
19742,6
19743,2.5
19744,5
19745,3
19746,5
19747,5
19748,6
19749,7.5
19750,8
19751,6.5
19752,6.5
19753,7.5
19754,6.5
19755,7
19756,4
19757,3
19758,4.5
19759,4
19760,4
19761,3.5
19762,2.5
19763,6.5
19764,6
19765,5.5
19766,7.5
19767,4
19768,3.5
19769,3
19770,3.5
19771,7
19772,2.5
19773,5.5
19774,2
19775,4.5
19776,2
19777,2.5
19778,1
19779,3.5
19780,7
19781,3.5
19782,7
19783,2.5
19784,4
19785,3
19786,3
19787,6
19788,2.5
19789,4
19790,1
19791,4
19792,6
19793,7
19794,0.5
19795,5.5
19796,6
19797,3
19798,6.5
19799,6.5
19800,6.5
19801,6
19802,2
19803,3.5
19804,2.5
19805,2.5
19806,4.5
19807,8
19808,3.5
19809,4.5
19810,6.5
19811,3
19812,2.5
19813,7.5
19814,2
19815,7.5
19816,8
19817,4.5
19818,4.5
19819,4
19820,4.5
19821,4
19822,1.5
19823,5.5
19824,6.5
19825,5
19826,2
19827,5
19828,4.5
19829,2
19830,3.5
19831,6.5
19832,7
19833,6.5
19834,5
19835,1.5
19836,2
19837,8
19838,5.5
19839,3.5
19840,4.5
19841,2
19842,2.5
19843,2.5
19844,6.5
19845,6
19846,7
19847,3.5
19848,6.5
19849,5.5
19850,4.5
19851,6
19852,2
19853,3.5
19854,3
19855,1.5
19856,6.5
19857,2
19858,1
19859,3
19860,4
19861,3
19862,2.5
19863,5.5
19864,5
19865,8
19866,4.5
19867,4.5
19868,8.5
19869,5.5
19870,5.5
19871,1
19872,6.5
19873,4
19874,6.5
19875,7
19876,2.5
19877,4
19878,3
19879,8
19880,6.5
19881,7.5
19882,2
19883,8
19884,3
19885,4
19886,2.5
19887,1.5
19888,4.5
19889,4
19890,6.5
19891,2
19892,7
19893,6.5
19894,5
19895,6
19896,4
19897,4
19898,2
19899,3
19900,5.5
19901,6
19902,5
19903,7.5
19904,5
19905,6
19906,4.5
19907,6
19908,4
19909,6
19910,2.5
19911,1.5
19912,4.5
19913,5.5
19914,7.5
19915,0.5
19916,6
19917,1
19918,7.5
19919,6
19920,7.5
19921,4
19922,5.5
19923,7
19924,5.5
19925,4
19926,4.5
19927,3.5
19928,0.5
19929,2.5
19930,4
19931,2.5
19932,6.5
19933,2.5
19934,8
19935,4.5
19936,6.5
19937,4.5
19938,4
19939,6
19940,2
19941,0.5
19942,3.5
19943,5.5
19944,6
19945,1
19946,6.5
19947,3.5
19948,4
19949,6.5
19950,5
19951,3
19952,5.5
19953,5.5
19954,4
19955,1.5
19956,3.5
19957,6.5
19958,5
19959,4.5
19960,6
19961,5
19962,5.5
19963,6.5
19964,3
19965,8
19966,0
19967,6.5
19968,4
19969,6.5
19970,4
19971,2.5
19972,5.5
19973,5.5
19974,3.5
19975,7.5
19976,1.5
19977,6.5
19978,7
19979,4.5
19980,4
19981,4
19982,4
19983,3.5
19984,6.5
19985,4
19986,5
19987,6.5
19988,5
19989,1.5
19990,2
19991,3
19992,6
19993,5.5
19994,7
19995,5
19996,5
19997,5
19998,4
19999,4.5
20000,7
20001,6.5
20002,5
20003,4
20004,2
20005,7.5
20006,4.5
20007,6
20008,6
20009,1.5
20010,4
20011,5
20012,7.5
20013,4
20014,3
20015,3.5
20016,2.5
20017,7.5
20018,3
20019,7
20020,3
20021,4
20022,2
20023,4
20024,3
20025,0.5
20026,6.5
20027,1.5
20028,6
20029,2
20030,1
20031,2
20032,5.5
20033,6
20034,2.5
20035,5
20036,6
20037,1
20038,3
20039,6
20040,6
20041,6.5
20042,4.5
20043,1.5
20044,5
20045,1
20046,4
20047,6
20048,2.5
20049,3.5
20050,6.5
20051,5
20052,4
20053,2
20054,4.5
20055,2
20056,5
20057,8
20058,4.5
20059,7.5
20060,4
20061,5.5
20062,1
20063,8.5
20064,7
20065,5
20066,2
20067,5
20068,8
20069,7
20070,5
20071,4.5
20072,4
20073,4
20074,1
20075,8.5
20076,4.5
20077,4.5
20078,4
20079,4
20080,4.5
20081,1.5
20082,3.5
20083,4
20084,6
20085,5
20086,8
20087,0
20088,6.5
20089,6
20090,7.5
20091,1.5
20092,4
20093,4
20094,6.5
20095,2
20096,6
20097,6
20098,7
20099,2
20100,7
20101,4.5
20102,2.5
20103,2.5
20104,2
20105,6.5
20106,5
20107,5.5
20108,6
20109,3
20110,3.5
20111,6.5
20112,5
20113,6.5
20114,5.5
20115,6
20116,1
20117,4.5
20118,4
20119,6.5
20120,6
20121,6
20122,7.5
20123,7.5
20124,6
20125,2
20126,6
20127,2.5
20128,7.5
20129,3.5
20130,5.5
20131,6.5
20132,5.5
20133,2.5
20134,8
20135,0.5
20136,4
20137,6
20138,2.5
20139,3
20140,3.5
20141,3.5
20142,2.5
20143,7.5
20144,7
20145,2.5
20146,3.5
20147,6.5
20148,3.5
20149,7
20150,4
20151,3
20152,2.5
20153,5
20154,3
20155,7.5
20156,3.5
20157,4.5
20158,6.5
20159,2.5
20160,4.5
20161,6
20162,3.5
20163,5
20164,4
20165,4
20166,7
20167,4
20168,6
20169,2.5
20170,4
20171,3
20172,5
20173,6
20174,1
20175,2
20176,6.5
20177,8.5
20178,6.5
20179,5.5
20180,6.5
20181,7
20182,4.5
20183,4.5
20184,3
20185,3
20186,8
20187,2
20188,1.5
20189,7.5
20190,2
20191,6.5
20192,2.5
20193,3
20194,7
20195,3
20196,2
20197,6
20198,4.5
20199,7.5
20200,1.5
20201,3
20202,5.5
20203,7.5
20204,6
20205,4
20206,2.5
20207,1
20208,4
20209,6
20210,4.5
20211,5.5
20212,4
20213,4.5
20214,3
20215,4.5
20216,2.5
20217,6
20218,6.5
20219,3
20220,3.5
20221,4.5
20222,4.5
20223,3
20224,1.5
20225,5
20226,3
20227,7.5
20228,3
20229,5.5
20230,3.5
20231,6
20232,6.5
20233,7
20234,5.5
20235,6
20236,7.5
20237,0.5
20238,1.5
20239,5.5
20240,1
20241,7.5
20242,6.5
20243,7
20244,7.5
20245,6
20246,5
20247,4
20248,6
20249,6
20250,3
20251,0
20252,5
20253,5.5
20254,3
20255,3.5
20256,5.5
20257,6
20258,4
20259,0
20260,3
20261,3
20262,6.5
20263,5.5
20264,5.5
20265,5
20266,4.5
20267,3.5
20268,7.5
20269,3
20270,0.5
20271,2.5
20272,7.5
20273,7.5
20274,4.5
20275,7.5
20276,6.5
20277,8
20278,7.5
20279,2
20280,5.5
20281,5.5
20282,2.5
20283,4.5
20284,3.5
20285,7
20286,5.5
20287,4
20288,0
20289,4.5
20290,4.5
20291,8
20292,5
20293,3
20294,3.5
20295,5.5
20296,3.5
20297,3
20298,7.5
20299,7.5
20300,4
20301,8
20302,8
20303,6
20304,3
20305,3
20306,5
20307,4.5
20308,7
20309,4.5
20310,5.5
20311,4
20312,7
20313,5.5
20314,2.5
20315,3
20316,2
20317,2
20318,5.5
20319,6.5
20320,2
20321,4.5
20322,3
20323,0.5
20324,1
20325,7
20326,5.5
20327,3
20328,4.5
20329,3.5
20330,4.5
20331,1.5
20332,1.5
20333,5.5
20334,6
20335,2
20336,6.5
20337,4.5
20338,7
20339,5
20340,6.5
20341,5.5
20342,3.5
20343,6.5
20344,4.5
20345,2.5
20346,4
20347,6.5
20348,4.5
20349,2
20350,2
20351,7.5
20352,2.5
20353,3
20354,4
20355,7
20356,4.5
20357,3
20358,7.5
20359,6
20360,3.5
20361,4.5
20362,7.5
20363,4.5
20364,7
20365,1.5
20366,2.5
20367,6.5
20368,3.5
20369,2
20370,7
20371,7.5
20372,5.5
20373,5
20374,3.5
20375,5.5
20376,4
20377,7.5
20378,6.5
20379,5
20380,8
20381,0.5
20382,8
20383,7.5
20384,4.5
20385,7
20386,8
20387,6
20388,6
20389,1.5
20390,6
20391,7.5
20392,2
20393,5.5
20394,6.5
20395,1
20396,1
20397,5
20398,5
20399,6
20400,5.5
20401,1.5
20402,1.5
20403,6.5
20404,1
20405,7.5
20406,7
20407,6.5
20408,2.5
20409,6
20410,5.5
20411,1.5
20412,1.5
20413,2.5
20414,3.5
20415,7.5
20416,3.5
20417,7.5
20418,6
20419,5.5
20420,7
20421,7
20422,7
20423,5.5
20424,8.5
20425,6
20426,5
20427,8.5
20428,3
20429,3.5
20430,4.5
20431,3.5
20432,5
20433,2.5
20434,4
20435,7
20436,4.5
20437,4
20438,0
20439,1.5
20440,6
20441,2
20442,0.5
20443,2
20444,7.5
20445,5.5
20446,6
20447,8
20448,4
20449,4
20450,5.5
20451,1.5
20452,7
20453,3
20454,6
20455,1.5
20456,3
20457,6.5
20458,2
20459,1.5
20460,3.5
20461,5.5
20462,8
20463,2.5
20464,4
20465,6
20466,1
20467,6.5
20468,4.5
20469,5.5
20470,5
20471,3
20472,6.5
20473,8.5
20474,8
20475,7
20476,7.5
20477,4
20478,2.5
20479,5
20480,5
20481,5
20482,0.5
20483,5.5
20484,6.5
20485,2
20486,6
20487,2.5
20488,5.5
20489,3.5
20490,4
20491,4
20492,6
20493,1.5
20494,3
20495,2.5
20496,7
20497,4.5
20498,4.5
20499,5
20500,4
20501,7
20502,4.5
20503,4.5
20504,4.5
20505,6
20506,2.5
20507,4
20508,3
20509,4
20510,6
20511,5.5
20512,8
20513,6.5
20514,1.5
20515,4.5
20516,0.5
20517,5.5
20518,6
20519,5
20520,5
20521,4
20522,4
20523,2
20524,3.5
20525,6.5
20526,6
20527,3
20528,5
20529,3
20530,3
20531,4.5
20532,4.5
20533,6
20534,5
20535,1.5
20536,4
20537,1.5
20538,5.5
20539,4
20540,6
20541,7
20542,5.5
20543,3.5
20544,5.5
20545,5
20546,5
20547,4
20548,3.5
20549,4.5
20550,2
20551,6.5
20552,8
20553,5.5
20554,5.5
20555,5.5
20556,3.5
20557,6.5
20558,4
20559,5
20560,6
20561,4.5
20562,4.5
20563,6.5
20564,3.5
20565,2.5
20566,3.5
20567,3
20568,4
20569,7.5
20570,2
20571,2
20572,4
20573,5.5
20574,5
20575,5.5
20576,4.5
20577,2
20578,4
20579,4.5
20580,3
20581,6
20582,2.5
20583,6.5
20584,4
20585,4
20586,7
20587,3.5
20588,3.5
20589,2
20590,4.5
20591,2.5
20592,5
20593,3.5
20594,4
20595,3.5
20596,2.5
20597,7
20598,5
20599,7
20600,2
20601,3.5
20602,5
20603,5.5
20604,4
20605,1.5
20606,3
20607,5
20608,4.5
20609,3.5
20610,7.5
20611,4.5
20612,5.5
20613,6
20614,8.5
20615,7
20616,2.5
20617,8
20618,2.5
20619,2
20620,3.5
20621,5
20622,5.5
20623,6
20624,5
20625,5.5
20626,3.5
20627,1.5
20628,2.5
20629,8
20630,8.5
20631,4.5
20632,2
20633,6.5
20634,5.5
20635,4.5
20636,5.5
20637,2
20638,4.5
20639,5
20640,4
20641,5.5
20642,1
20643,5
20644,3
20645,2
20646,4
20647,6
20648,6
20649,6.5
20650,2
20651,6
20652,4.5
20653,3.5
20654,6
20655,4
20656,2.5
20657,3.5
20658,3
20659,6.5
20660,4.5
20661,0
20662,3.5
20663,6.5
20664,7.5
20665,2.5
20666,5
20667,4.5
20668,5.5
20669,4
20670,4
20671,4
20672,1.5
20673,6
20674,1
20675,1
20676,3
20677,7.5
20678,1.5
20679,6
20680,3
20681,1.5
20682,0
20683,3
20684,2
20685,2.5
20686,6.5
20687,5.5
20688,4
20689,4
20690,5.5
20691,4.5
20692,2
20693,5.5
20694,3.5
20695,5.5
20696,5
20697,5.5
20698,3
20699,1
20700,7.5
20701,3
20702,5
20703,3.5
20704,7
20705,4.5
20706,5
20707,7
20708,4
20709,7
20710,6.5
20711,5.5
20712,4.5
20713,3.5
20714,6
20715,6.5
20716,6.5
20717,3
20718,7.5
20719,4.5
20720,8
20721,8.5
20722,4.5
20723,4
20724,2
20725,3.5
20726,3
20727,6.5
20728,3
20729,6
20730,6.5
20731,1
20732,1
20733,3.5
20734,2.5
20735,7.5
20736,5.5
20737,2
20738,6
20739,3
20740,7.5
20741,4
20742,6.5
20743,2.5
20744,1
20745,5.5
20746,5.5
20747,5
20748,3.5
20749,5
20750,3.5
20751,8.5
20752,2.5
20753,5
20754,3
20755,4.5
20756,7
20757,5
20758,7.5
20759,6.5
20760,3.5
20761,3.5
20762,2.5
20763,4
20764,6.5
20765,5
20766,4.5
20767,5
20768,8.5
20769,4
20770,5.5
20771,4.5
20772,4
20773,2
20774,4.5
20775,4
20776,4.5
20777,3.5
20778,6
20779,7.5
20780,0.5
20781,3
20782,2
20783,4
20784,4
20785,6
20786,3.5
20787,6
20788,7
20789,6.5
20790,2.5
20791,4
20792,3
20793,3
20794,6.5
20795,6
20796,6.5
20797,7.5
20798,2.5
20799,3
20800,6
20801,1
20802,7.5
20803,2.5
20804,4
20805,5
20806,2
20807,6.5
20808,4
20809,5
20810,6.5
20811,5
20812,5.5
20813,5
20814,2.5
20815,2.5
20816,4
20817,4.5
20818,5
20819,8.5
20820,3.5
20821,2
20822,4.5
20823,5
20824,5.5
20825,3
20826,7.5
20827,6.5
20828,7.5
20829,6.5
20830,3.5
20831,6.5
20832,6
20833,6
20834,3
20835,7
20836,6
20837,5.5
20838,3
20839,5.5
20840,4
20841,5
20842,6
20843,9
20844,4
20845,3
20846,4
20847,1.5
20848,3.5
20849,5.5
20850,5.5
20851,7
20852,5
20853,3
20854,5.5
20855,6
20856,3
20857,4
20858,8
20859,6
20860,5.5
20861,6.5
20862,2.5
20863,7
20864,4.5
20865,6.5
20866,4.5
20867,4.5
20868,2.5
20869,2.5
20870,4
20871,2
20872,3.5
20873,6.5
20874,2.5
20875,4
20876,3.5
20877,3
20878,2.5
20879,3
20880,4
20881,4.5
20882,3
20883,8
20884,0
20885,5.5
20886,2.5
20887,1
20888,6.5
20889,5
20890,6.5
20891,1.5
20892,3
20893,2.5
20894,6.5
20895,8
20896,4.5
20897,3.5
20898,5.5
20899,4.5
20900,3.5
20901,7.5
20902,6.5
20903,6
20904,6.5
20905,7
20906,8
20907,4.5
20908,8
20909,2.5
20910,2.5
20911,5.5
20912,2.5
20913,4.5
20914,6
20915,5
20916,7.5
20917,2
20918,2
20919,4
20920,7
20921,3.5
20922,6
20923,4.5
20924,7
20925,2
20926,7
20927,5.5
20928,7
20929,6
20930,4.5
20931,3.5
20932,4.5
20933,6
20934,4
20935,3.5
20936,4.5
20937,4
20938,4
20939,6.5
20940,2.5
20941,5
20942,6.5
20943,4.5
20944,8.5
20945,1.5
20946,6
20947,7
20948,3.5
20949,4
20950,4.5
20951,3.5
20952,4.5
20953,7.5
20954,3.5
20955,6.5
20956,4.5
20957,6
20958,1
20959,6
20960,5.5
20961,3
20962,4.5
20963,5.5
20964,5.5
20965,4.5
20966,4.5
20967,1.5
20968,2
20969,6.5
20970,5
20971,3.5
20972,6
20973,5
20974,3.5
20975,4.5
20976,4
20977,5.5
20978,4.5
20979,6.5
20980,4
20981,3.5
20982,3
20983,3.5
20984,3
20985,5
20986,2
20987,7.5
20988,4.5
20989,3.5
20990,3
20991,6.5
20992,7.5
20993,7
20994,3.5
20995,8
20996,2
20997,5
20998,8
20999,1
21000,3
21001,5.5
21002,6.5
21003,7.5
21004,6
21005,7.5
21006,6
21007,5
21008,3
21009,3
21010,4.5
21011,3
21012,2
21013,7
21014,6
21015,5
21016,8.5
21017,4.5
21018,1.5
21019,2.5
21020,5
21021,4
21022,7
21023,6.5
21024,3.5
21025,6
21026,3.5
21027,4.5
21028,3.5
21029,5.5
21030,3
21031,5
21032,6
21033,6.5
21034,5.5
21035,2.5
21036,0.5
21037,1.5
21038,3.5
21039,4.5
21040,5
21041,4.5
21042,6
21043,7
21044,6
21045,2.5
21046,5
21047,3.5
21048,3.5
21049,4
21050,5
21051,4
21052,4.5
21053,4
21054,3.5
21055,5.5
21056,4
21057,2
21058,6.5
21059,4
21060,1.5
21061,6.5
21062,7
21063,2.5
21064,5.5
21065,5.5
21066,8.5
21067,4
21068,5
21069,4
21070,4
21071,8
21072,5.5
21073,6.5
21074,1
21075,6
21076,5.5
21077,6
21078,7
21079,6
21080,5.5
21081,7.5
21082,6
21083,6
21084,1
21085,3
21086,7
21087,6
21088,5
21089,7
21090,2.5
21091,5.5
21092,4
21093,8.5
21094,7.5
21095,4
21096,7.5
21097,4
21098,6
21099,6.5
21100,5.5
21101,2.5
21102,2
21103,8
21104,1.5
21105,5.5
21106,7
21107,6.5
21108,5
21109,2.5
21110,3.5
21111,6
21112,1
21113,3
21114,5.5
21115,6
21116,4
21117,3
21118,4.5
21119,7.5
21120,6
21121,3.5
21122,4.5
21123,5
21124,1.5
21125,8.5
21126,4.5
21127,2
21128,5.5
21129,8
21130,5.5
21131,4.5
21132,8
21133,5
21134,4.5
21135,3
21136,1
21137,7
21138,4.5
21139,8
21140,7.5
21141,5
21142,3
21143,3.5
21144,6.5
21145,4
21146,5.5
21147,4.5
21148,7
21149,4.5
21150,3
21151,5
21152,2
21153,6
21154,2
21155,5.5
21156,5.5
21157,6.5
21158,6.5
21159,5
21160,4.5
21161,8.5
21162,8
21163,2.5
21164,2
21165,3.5
21166,7.5
21167,5.5
21168,5
21169,2
21170,2.5
21171,7
21172,4
21173,6.5
21174,5.5
21175,6.5
21176,4.5
21177,6.5
21178,6
21179,7
21180,3
21181,1
21182,6.5
21183,6
21184,6.5
21185,4
21186,4.5
21187,4
21188,3.5
21189,8
21190,6.5
21191,4
21192,5.5
21193,7.5
21194,4
21195,6
21196,2
21197,3
21198,7
21199,3.5
21200,5.5
21201,5.5
21202,0.5
21203,3.5
21204,4
21205,8
21206,1
21207,2
21208,7.5
21209,5
21210,5
21211,2.5
21212,1.5
21213,8.5
21214,2
21215,7
21216,3.5
21217,7
21218,2.5
21219,4
21220,3
21221,3
21222,7
21223,5.5
21224,5.5
21225,3.5
21226,4
21227,6.5
21228,5.5
21229,3.5
21230,6.5
21231,5
21232,4
21233,1.5
21234,4
21235,3.5
21236,3.5
21237,3.5
21238,3
21239,3.5
21240,5
21241,5.5
21242,5
21243,3.5
21244,4.5
21245,3.5
21246,2
21247,6
21248,5
21249,6
21250,5
21251,5.5
21252,7.5
21253,6
21254,6
21255,3
21256,7.5
21257,6
21258,7
21259,5
21260,4.5
21261,5
21262,6.5
21263,5
21264,5.5
21265,5
21266,2.5
21267,4.5
21268,4
21269,7.5
21270,5.5
21271,2.5
21272,4
21273,4.5
21274,2.5
21275,6.5
21276,4
21277,6
21278,2.5
21279,4
21280,2
21281,4
21282,5.5
21283,2.5
21284,0.5
21285,7
21286,4
21287,1.5
21288,7.5
21289,4
21290,4
21291,5
21292,5
21293,4
21294,5
21295,7.5
21296,1.5
21297,5.5
21298,5.5
21299,2
21300,7.5
21301,8
21302,7
21303,4.5
21304,6
21305,4.5
21306,4.5
21307,6
21308,6
21309,6
21310,0
21311,5
21312,3
21313,1
21314,7.5
21315,0.5
21316,5
21317,7
21318,4
21319,3
21320,6
21321,7
21322,4
21323,2.5
21324,7.5
21325,6
21326,7
21327,9
21328,1.5
21329,4
21330,4
21331,5.5
21332,8
21333,5
21334,3.5
21335,7.5
21336,4
21337,6
21338,3.5
21339,6
21340,3
21341,6.5
21342,1
21343,5.5
21344,2
21345,8
21346,3.5
21347,4
21348,2.5
21349,4.5
21350,8
21351,4.5
21352,3.5
21353,5.5
21354,5
21355,3
21356,8
21357,4
21358,4
21359,7
21360,4.5
21361,5.5
21362,3
21363,5.5
21364,1
21365,1
21366,6.5
21367,1.5
21368,4
21369,8
21370,2.5
21371,4
21372,6.5
21373,6.5
21374,7
21375,4.5
21376,7.5
21377,4
21378,2
21379,2.5
21380,1.5
21381,4
21382,6
21383,3.5
21384,6
21385,4.5
21386,5.5
21387,6
21388,2.5
21389,6
21390,6.5
21391,1.5
21392,7
21393,6.5
21394,5
21395,2.5
21396,6
21397,6
21398,5.5
21399,2.5
21400,1
21401,5.5
21402,5.5
21403,7
21404,3.5
21405,4
21406,4
21407,1
21408,4.5
21409,1
21410,4
21411,2
21412,6.5
21413,1
21414,5
21415,6
21416,6
21417,4
21418,5.5
21419,2.5
21420,5
21421,1
21422,4
21423,7.5
21424,5
21425,2
21426,3
21427,6
21428,5.5
21429,4
21430,3.5
21431,4
21432,4.5
21433,3.5
21434,2.5
21435,1
21436,4
21437,3
21438,2
21439,2.5
21440,8
21441,3.5
21442,2
21443,4.5
21444,3.5
21445,7.5
21446,1.5
21447,1.5
21448,5.5
21449,6
21450,4.5
21451,0.5
21452,6
21453,4.5
21454,2.5
21455,7
21456,1.5
21457,3
21458,3.5
21459,6.5
21460,2.5
21461,6
21462,5
21463,4.5
21464,4
21465,2
21466,7.5
21467,5.5
21468,2.5
21469,1
21470,6
21471,2
21472,7
21473,4.5
21474,2.5
21475,5.5
21476,0.5
21477,6
21478,4
21479,5.5
21480,5.5
21481,1.5
21482,4
21483,5.5
21484,5
21485,0.5
21486,5
21487,6
21488,3.5
21489,3
21490,1
21491,5.5
21492,2.5
21493,8
21494,2
21495,5.5
21496,1.5
21497,4
21498,3
21499,3.5
21500,8
21501,8
21502,3
21503,5.5
21504,6
21505,5
21506,6.5
21507,3.5
21508,4
21509,8
21510,4
21511,4.5
21512,8
21513,5
21514,2
21515,3.5
21516,5.5
21517,8
21518,0
21519,8
21520,6.5
21521,3
21522,7.5
21523,8
21524,2
21525,0
21526,7
21527,1
21528,3
21529,8
21530,4.5
21531,3
21532,5.5
21533,3.5
21534,7
21535,3
21536,7.5
21537,4.5
21538,7
21539,7.5
21540,5
21541,5.5
21542,7
21543,8
21544,5
21545,3
21546,2.5
21547,5.5
21548,5.5
21549,7
21550,4.5
21551,6
21552,7
21553,4.5
21554,3.5
21555,7.5
21556,6.5
21557,4.5
21558,1.5
21559,2.5
21560,6.5
21561,1.5
21562,4
21563,5
21564,3.5
21565,7.5
21566,2.5
21567,6
21568,4.5
21569,0.5
21570,6
21571,5.5
21572,0.5
21573,7
21574,6.5
21575,4.5
21576,3.5
21577,6
21578,3.5
21579,4
21580,2
21581,4
21582,6.5
21583,6.5
21584,5.5
21585,3.5
21586,7.5
21587,4.5
21588,4
21589,3
21590,5
21591,3
21592,5.5
21593,1
21594,7
21595,3
21596,2
21597,2.5
21598,5.5
21599,7.5
21600,5
21601,2.5
21602,4.5
21603,3.5
21604,2
21605,4
21606,5.5
21607,0
21608,4.5
21609,3.5
21610,4
21611,5
21612,6
21613,5
21614,3.5
21615,2
21616,2.5
21617,2.5
21618,3
21619,6.5
21620,8.5
21621,5
21622,3
21623,4.5
21624,6.5
21625,4
21626,3.5
21627,1
21628,2.5
21629,1.5
21630,2
21631,3.5
21632,5
21633,2.5
21634,7.5
21635,4.5
21636,1.5
21637,6.5
21638,2.5
21639,2.5
21640,3
21641,3
21642,4.5
21643,3.5
21644,1.5
21645,3.5
21646,4
21647,8.5
21648,6.5
21649,6.5
21650,9
21651,5.5
21652,1.5
21653,5.5
21654,4
21655,2.5
21656,6
21657,8.5
21658,5.5
21659,2
21660,0
21661,8.5
21662,6.5
21663,2
21664,7.5
21665,5.5
21666,4.5
21667,4.5
21668,2
21669,5
21670,6.5
21671,3
21672,6.5
21673,4.5
21674,7.5
21675,8.5
21676,3.5
21677,6
21678,5
21679,5.5
21680,5
21681,7.5
21682,2
21683,5
21684,7
21685,1.5
21686,5
21687,3
21688,4
21689,3.5
21690,6
21691,2
21692,5.5
21693,4
21694,6.5
21695,8
21696,3.5
21697,5.5
21698,6
21699,4
21700,3.5
21701,2
21702,3.5
21703,8.5
21704,5.5
21705,2.5
21706,7.5
21707,0
21708,3
21709,1
21710,1.5
21711,7
21712,4
21713,1
21714,3.5
21715,7
21716,1.5
21717,5.5
21718,7
21719,6.5
21720,4.5
21721,7.5
21722,1.5
21723,4
21724,7
21725,4
21726,3
21727,8
21728,1
21729,4
21730,6
21731,2
21732,4.5
21733,2
21734,5.5
21735,2
21736,3
21737,6.5
21738,7.5
21739,5
21740,1
21741,8
21742,2
21743,5.5
21744,4
21745,4
21746,4.5
21747,7.5
21748,7
21749,4.5
21750,1
21751,1.5
21752,2.5
21753,5.5
21754,4
21755,5
21756,8
21757,4
21758,5
21759,0
21760,3.5
21761,3.5
21762,1.5
21763,6
21764,5
21765,3.5
21766,1.5
21767,3
21768,5.5
21769,2
21770,2
21771,8
21772,6.5
21773,2.5
21774,2.5
21775,3.5
21776,7.5
21777,4.5
21778,6
21779,7.5
21780,6
21781,7.5
21782,7.5
21783,4.5
21784,4.5
21785,7
21786,2
21787,1
21788,5
21789,4
21790,0.5
21791,6.5
21792,7
21793,1.5
21794,3
21795,6
21796,7.5
21797,7
21798,4
21799,4.5
21800,5
21801,1.5
21802,2.5
21803,2
21804,6
21805,3.5
21806,4
21807,3.5
21808,2.5
21809,0.5
21810,5
21811,8
21812,4.5
21813,6
21814,6
21815,3
21816,3
21817,6
21818,4.5
21819,7
21820,4
21821,1.5
21822,1
21823,5.5
21824,2.5
21825,3
21826,3
21827,5.5
21828,2
21829,3.5
21830,7
21831,2.5
21832,2.5
21833,3.5
21834,5.5
21835,5.5
21836,4
21837,7
21838,0
21839,4
21840,7
21841,2.5
21842,2
21843,5.5
21844,2
21845,8
21846,5
21847,4
21848,7.5
21849,4.5
21850,1
21851,1.5
21852,2.5
21853,2.5
21854,8
21855,3
21856,7
21857,4
21858,2
21859,3.5
21860,6.5
21861,7
21862,7
21863,8
21864,3.5
21865,5
21866,5.5
21867,2.5
21868,3
21869,4
21870,1.5
21871,7
21872,3.5
21873,1
21874,8
21875,3.5
21876,0.5
21877,4
21878,6
21879,0
21880,2
21881,5
21882,5.5
21883,5
21884,4.5
21885,3.5
21886,4
21887,7.5
21888,5.5
21889,7
21890,1
21891,2.5
21892,6.5
21893,6.5
21894,1.5
21895,5
21896,2
21897,3.5
21898,4
21899,7.5
21900,7.5
21901,4.5
21902,3
21903,5
21904,3.5
21905,4
21906,6.5
21907,8.5
21908,3
21909,2.5
21910,5
21911,0.5
21912,6
21913,3.5
21914,3.5
21915,5.5
21916,1
21917,4
21918,8
21919,5.5
21920,7
21921,1.5
21922,5
21923,4
21924,7.5
21925,1.5
21926,6.5
21927,0.5
21928,3.5
21929,5
21930,6.5
21931,3
21932,0.5
21933,6.5
21934,1.5
21935,5.5
21936,5.5
21937,3.5
21938,7.5
21939,5.5
21940,3.5
21941,5
21942,5
21943,6.5
21944,7
21945,2
21946,4
21947,1.5
21948,5.5
21949,3.5
21950,7.5
21951,7.5
21952,7.5
21953,4
21954,3.5
21955,5
21956,4
21957,2
21958,5
21959,5.5
21960,3.5
21961,1
21962,3.5
21963,2
21964,6
21965,4
21966,1.5
21967,2.5
21968,5.5
21969,3.5
21970,2.5
21971,1
21972,7
21973,8
21974,5.5
21975,2
21976,2
21977,2.5
21978,4.5
21979,2
21980,6.5
21981,6.5
21982,3
21983,6.5
21984,6
21985,5
21986,7.5
21987,3.5
21988,4
21989,2
21990,4
21991,7
21992,7.5
21993,4
21994,8.5
21995,3.5
21996,3.5
21997,3
21998,2
21999,5
22000,8
22001,2.5
22002,6
22003,6.5
22004,3
22005,4.5
22006,1.5
22007,1
22008,5
22009,2.5
22010,4.5
22011,3
22012,3
22013,3
22014,7.5
22015,5
22016,6
22017,1.5
22018,5
22019,4
22020,3.5
22021,1
22022,3
22023,8
22024,8.5
22025,4.5
22026,1.5
22027,2
22028,5.5
22029,8
22030,5
22031,3
22032,5
22033,4.5
22034,1
22035,1
22036,6
22037,6.5
22038,5.5
22039,1.5
22040,5
22041,2.5
22042,3
22043,1
22044,6
22045,5.5
22046,5.5
22047,3.5
22048,2
22049,4
22050,2.5
22051,4.5
22052,3.5
22053,7
22054,6.5
22055,6
22056,1
22057,8
22058,0
22059,6
22060,2
22061,6.5
22062,2.5
22063,0.5
22064,3.5
22065,5.5
22066,7.5
22067,4
22068,5
22069,8
22070,6
22071,4.5
22072,2
22073,5.5
22074,5
22075,8
22076,4
22077,4.5
22078,2.5
22079,5.5
22080,2.5
22081,6
22082,7.5
22083,7
22084,5.5
22085,5
22086,5
22087,6.5
22088,5.5
22089,5
22090,3
22091,3.5
22092,8.5
22093,2
22094,4
22095,2.5
22096,4.5
22097,7.5
22098,5
22099,5
22100,3
22101,4.5
22102,4.5
22103,5
22104,1.5
22105,6
22106,4
22107,4
22108,5
22109,4.5
22110,6
22111,7.5
22112,2
22113,5.5
22114,5.5
22115,5
22116,2
22117,4.5
22118,6.5
22119,5
22120,3.5
22121,5
22122,3.5
22123,5.5
22124,6
22125,5.5
22126,7
22127,4
22128,2
22129,2.5
22130,5.5
22131,5.5
22132,5.5
22133,6
22134,2
22135,4
22136,4
22137,4
22138,4
22139,3
22140,4
22141,4.5
22142,6.5
22143,7.5
22144,3.5
22145,2.5
22146,6
22147,6
22148,3.5
22149,4
22150,7.5
22151,4.5
22152,3
22153,7
22154,5.5
22155,7
22156,6
22157,3.5
22158,2
22159,5.5
22160,3.5
22161,6.5
22162,7
22163,6.5
22164,4
22165,7
22166,1.5
22167,6
22168,5
22169,2
22170,2
22171,9
22172,4.5
22173,2.5
22174,7
22175,7
22176,6
22177,5
22178,7.5
22179,6.5
22180,1
22181,1
22182,1.5
22183,5
22184,6.5
22185,4
22186,6
22187,4.5
22188,6
22189,7
22190,3
22191,9
22192,4
22193,6.5
22194,8
22195,5.5
22196,7
22197,2
22198,2.5
22199,4
22200,4
22201,6.5
22202,6
22203,1.5
22204,5
22205,5
22206,5
22207,6.5
22208,3.5
22209,0
22210,3.5
22211,5
22212,7.5
22213,5.5
22214,5.5
22215,3.5
22216,5
22217,0
22218,3
22219,5.5
22220,2.5
22221,4
22222,5
22223,5
22224,7
22225,4.5
22226,5
22227,7
22228,3
22229,6.5
22230,3.5
22231,8.5
22232,3
22233,3
22234,5.5
22235,7
22236,1
22237,4.5
22238,1.5
22239,5
22240,4
22241,2.5
22242,5.5
22243,1.5
22244,5
22245,5
22246,2.5
22247,4.5
22248,7
22249,3.5
22250,6
22251,5.5
22252,5
22253,3.5
22254,5.5
22255,6
22256,1.5
22257,2.5
22258,7.5
22259,4
22260,6.5
22261,6
22262,1
22263,7
22264,8
22265,6
22266,2
22267,5.5
22268,4
22269,5.5
22270,1.5
22271,4
22272,1
22273,6
22274,3.5
22275,6
22276,3.5
22277,3
22278,4
22279,1
22280,5.5
22281,5.5
22282,5.5
22283,5.5
22284,4
22285,6
22286,2.5
22287,7.5
22288,1.5
22289,5.5
22290,4
22291,5
22292,5.5
22293,7
22294,4
22295,4
22296,5.5
22297,3.5
22298,3.5
22299,3
22300,0
22301,5
22302,6.5
22303,4
22304,3.5
22305,3.5
22306,5.5
22307,6.5
22308,5.5
22309,9
22310,2
22311,6.5
22312,3
22313,4
22314,5.5
22315,6
22316,5
22317,3
22318,2
22319,6.5
22320,4.5
22321,4
22322,1
22323,1.5
22324,3
22325,1.5
22326,8
22327,2.5
22328,4
22329,2.5
22330,6
22331,1.5
22332,2
22333,3
22334,3
22335,6.5
22336,5
22337,5
22338,2.5
22339,7.5
22340,1.5
22341,5
22342,7.5
22343,6.5
22344,7
22345,3.5
22346,5.5
22347,6
22348,5
22349,3
22350,6.5
22351,2
22352,7.5
22353,4.5
22354,3
22355,7.5
22356,5
22357,4.5
22358,7.5
22359,8
22360,6
22361,4.5
22362,5
22363,7.5
22364,5.5
22365,2
22366,5.5
22367,7.5
22368,5
22369,2
22370,2.5
22371,5
22372,4
22373,4.5
22374,5
22375,2
22376,4
22377,2.5
22378,7
22379,2.5
22380,5
22381,5.5
22382,2.5
22383,3
22384,2.5
22385,8
22386,9
22387,3
22388,3.5
22389,1.5
22390,3.5
22391,7
22392,4.5
22393,4
22394,7.5
22395,2
22396,3.5
22397,1
22398,7
22399,6.5
22400,4
22401,7.5
22402,4
22403,6.5
22404,4.5
22405,4
22406,4.5
22407,0.5
22408,4.5
22409,3
22410,2
22411,1.5
22412,2.5
22413,7.5
22414,5
22415,3.5
22416,5
22417,2
22418,4
22419,6.5
22420,5
22421,6.5
22422,5
22423,4
22424,6
22425,3.5
22426,2
22427,3
22428,4.5
22429,1
22430,2.5
22431,5
22432,6
22433,5.5
22434,1.5
22435,1.5
22436,4
22437,1.5
22438,5.5
22439,5
22440,3
22441,5
22442,2.5
22443,3.5
22444,5.5
22445,6.5
22446,6
22447,5.5
22448,4.5
22449,5
22450,8
22451,5
22452,6.5
22453,3.5
22454,6.5
22455,8
22456,6.5
22457,5
22458,6.5
22459,4
22460,5
22461,8.5
22462,3
22463,6.5
22464,5.5
22465,6
22466,1
22467,0
22468,7.5
22469,2.5
22470,4.5
22471,2
22472,2.5
22473,5.5
22474,3.5
22475,4.5
22476,4.5
22477,3.5
22478,8
22479,6
22480,7.5
22481,4.5
22482,7.5
22483,6
22484,4.5
22485,5.5
22486,5.5
22487,2
22488,2.5
22489,7
22490,3
22491,0
22492,5
22493,6
22494,2.5
22495,6
22496,5.5
22497,3
22498,5.5
22499,4
22500,4.5
22501,7
22502,3
22503,5.5
22504,6
22505,3.5
22506,6
22507,4.5
22508,5.5
22509,8
22510,7
22511,3.5
22512,5
22513,8
22514,0
22515,1.5
22516,5
22517,2
22518,6
22519,3.5
22520,5
22521,2
22522,3.5
22523,6
22524,3
22525,7
22526,6
22527,3.5
22528,1
22529,5
22530,1.5
22531,3
22532,1
22533,3
22534,6
22535,5
22536,8
22537,6.5
22538,8
22539,6
22540,7
22541,5.5
22542,3.5
22543,3.5
22544,5
22545,3
22546,3
22547,2
22548,5
22549,9
22550,5
22551,7
22552,6
22553,5
22554,7
22555,3.5
22556,5.5
22557,2
22558,1.5
22559,1.5
22560,3
22561,5
22562,1
22563,3
22564,4.5
22565,5.5
22566,6
22567,6
22568,6.5
22569,1.5
22570,6
22571,5
22572,7.5
22573,6.5
22574,3.5
22575,3
22576,3.5
22577,1
22578,2.5
22579,5.5
22580,6
22581,2
22582,2
22583,6.5
22584,2.5
22585,2
22586,7.5
22587,5.5
22588,6
22589,7
22590,5
22591,4.5
22592,6.5
22593,5
22594,2
22595,7
22596,6.5
22597,2
22598,1
22599,3
22600,5
22601,4
22602,1.5
22603,7.5
22604,6.5
22605,1.5
22606,3.5
22607,5.5
22608,3.5
22609,8
22610,2
22611,5.5
22612,5
22613,6
22614,7.5
22615,5.5
22616,5
22617,2.5
22618,5
22619,1.5
22620,2.5
22621,1.5
22622,9
22623,5.5
22624,2.5
22625,2
22626,1
22627,2.5
22628,5
22629,6
22630,0.5
22631,4.5
22632,7
22633,4.5
22634,2
22635,3.5
22636,6
22637,2.5
22638,0.5
22639,8
22640,1.5
22641,0.5
22642,5.5
22643,3
22644,7.5
22645,1.5
22646,4
22647,3.5
22648,4.5
22649,6
22650,8.5
22651,6.5
22652,2
22653,3.5
22654,4.5
22655,5.5
22656,5
22657,1
22658,2
22659,8.5
22660,4
22661,0
22662,1.5
22663,6
22664,3.5
22665,5
22666,4.5
22667,6.5
22668,7.5
22669,7.5
22670,6.5
22671,2.5
22672,3
22673,2.5
22674,4.5
22675,3
22676,4
22677,5
22678,7
22679,4
22680,2.5
22681,3.5
22682,4.5
22683,3.5
22684,4.5
22685,3.5
22686,4
22687,5
22688,5
22689,5
22690,5
22691,7.5
22692,2
22693,8
22694,1
22695,5.5
22696,7
22697,5.5
22698,2.5
22699,4.5
22700,6
22701,3
22702,3
22703,7
22704,5
22705,6.5
22706,7
22707,2.5
22708,6.5
22709,3
22710,3.5
22711,2
22712,4.5
22713,5.5
22714,1
22715,4
22716,1
22717,7
22718,3
22719,4.5
22720,1
22721,5.5
22722,4.5
22723,8
22724,5.5
22725,0.5
22726,5.5
22727,0.5
22728,7.5
22729,6.5
22730,1.5
22731,7
22732,2.5
22733,6.5
22734,5.5
22735,5.5
22736,8.5
22737,7.5
22738,4
22739,6
22740,5.5
22741,2.5
22742,6
22743,6.5
22744,7
22745,2
22746,7.5
22747,0
22748,3.5
22749,3
22750,6
22751,3
22752,2
22753,2
22754,7.5
22755,5
22756,8
22757,7
22758,6
22759,3.5
22760,1
22761,1
22762,1
22763,5
22764,3.5
22765,1.5
22766,7
22767,1.5
22768,8
22769,5
22770,5
22771,5
22772,4
22773,6.5
22774,5.5
22775,4.5
22776,6.5
22777,8
22778,8.5
22779,5.5
22780,6.5
22781,1
22782,3.5
22783,3.5
22784,6
22785,4.5
22786,0.5
22787,5
22788,3.5
22789,5
22790,6
22791,6.5
22792,4.5
22793,5.5
22794,3.5
22795,1
22796,5.5
22797,0.5
22798,2.5
22799,5
22800,7
22801,4
22802,6
22803,6.5
22804,5.5
22805,2.5
22806,3
22807,7
22808,5.5
22809,2
22810,5
22811,6
22812,5
22813,4
22814,2.5
22815,7
22816,3.5
22817,7.5
22818,4
22819,6.5
22820,1
22821,6
22822,5
22823,2.5
22824,2.5
22825,4
22826,2.5
22827,7.5
22828,5.5
22829,5
22830,3
22831,6.5
22832,7
22833,2
22834,3
22835,3
22836,2
22837,7
22838,7.5
22839,5
22840,5.5
22841,5
22842,2
22843,3
22844,4
22845,4
22846,7.5
22847,3
22848,7.5
22849,5.5
22850,1.5
22851,2.5
22852,5
22853,6
22854,7.5
22855,0
22856,3
22857,1.5
22858,6
22859,5.5
22860,3
22861,2.5
22862,5
22863,3
22864,7.5
22865,6.5
22866,3.5
22867,1
22868,5.5
22869,4
22870,1.5
22871,7.5
22872,5.5
22873,1.5
22874,0.5
22875,3
22876,6
22877,2.5
22878,6
22879,8
22880,6.5
22881,5
22882,6.5
22883,0.5
22884,6
22885,3.5
22886,6
22887,1.5
22888,1
22889,2
22890,6
22891,4
22892,5
22893,2
22894,6
22895,3
22896,2.5
22897,3
22898,6
22899,2.5
22900,6.5
22901,5.5
22902,4.5
22903,4
22904,5
22905,3.5
22906,3
22907,0
22908,2.5
22909,2.5
22910,5.5
22911,6
22912,4
22913,7.5
22914,4.5
22915,4.5
22916,3.5
22917,2.5
22918,4.5
22919,7
22920,4
22921,4
22922,1.5
22923,2
22924,3
22925,4
22926,4
22927,4.5
22928,2.5
22929,6
22930,4
22931,7
22932,6
22933,2
22934,5
22935,1
22936,8
22937,2
22938,7.5
22939,2.5
22940,3
22941,3.5
22942,6
22943,7.5
22944,4.5
22945,3.5
22946,4.5
22947,4
22948,2
22949,2.5
22950,6
22951,4
22952,7
22953,7.5
22954,5.5
22955,1.5
22956,6
22957,2
22958,0.5
22959,3.5
22960,5.5
22961,6
22962,4.5
22963,8
22964,1.5
22965,6.5
22966,4.5
22967,2.5
22968,4.5
22969,4.5
22970,3
22971,2.5
22972,6
22973,3
22974,6
22975,3.5
22976,5.5
22977,1
22978,5.5
22979,4.5
22980,6
22981,0.5
22982,7
22983,5
22984,7.5
22985,7
22986,1.5
22987,4.5
22988,6
22989,5.5
22990,3
22991,2.5
22992,4
22993,0.5
22994,4.5
22995,3.5
22996,5.5
22997,6
22998,7.5
22999,5.5
23000,3.5
23001,4
23002,6
23003,8
23004,7
23005,0.5
23006,4
23007,2.5
23008,3
23009,4
23010,2
23011,5
23012,2
23013,4
23014,4.5
23015,4
23016,4
23017,1.5
23018,6.5
23019,2.5
23020,4.5
23021,1
23022,6.5
23023,8.5
23024,3.5
23025,8
23026,6.5
23027,2
23028,3
23029,4.5
23030,5.5
23031,3.5
23032,7
23033,2
23034,5.5
23035,3
23036,3
23037,1
23038,7
23039,4
23040,6
23041,6
23042,8
23043,5.5
23044,3.5
23045,3
23046,6
23047,7
23048,4.5
23049,5
23050,6
23051,2.5
23052,3.5
23053,3.5
23054,7.5
23055,5
23056,5
23057,7.5
23058,7.5
23059,8.5
23060,3
23061,5.5
23062,5.5
23063,6
23064,7
23065,1
23066,7.5
23067,6.5
23068,3.5
23069,2.5
23070,2.5
23071,4
23072,4
23073,3.5
23074,4
23075,4
23076,1.5
23077,2
23078,8
23079,3.5
23080,5
23081,4.5
23082,6
23083,2
23084,1
23085,3.5
23086,1.5
23087,2.5
23088,6
23089,2
23090,3
23091,5
23092,7.5
23093,6.5
23094,2
23095,5.5
23096,4.5
23097,7.5
23098,4.5
23099,7
23100,3.5
23101,5
23102,6.5
23103,4.5
23104,2
23105,1.5
23106,7
23107,6
23108,3.5
23109,5.5
23110,4.5
23111,2
23112,7.5
23113,3.5
23114,5.5
23115,3.5
23116,0.5
23117,7.5
23118,1.5
23119,8.5
23120,3.5
23121,7
23122,7.5
23123,5
23124,4
23125,2.5
23126,6
23127,9
23128,5.5
23129,3
23130,2.5
23131,1.5
23132,2
23133,2.5
23134,4
23135,3.5
23136,4.5
23137,3.5
23138,5.5
23139,3.5
23140,2
23141,5
23142,4.5
23143,1
23144,5
23145,5.5
23146,3.5
23147,5.5
23148,7
23149,3
23150,3
23151,7.5
23152,4
23153,5
23154,1
23155,1.5
23156,3.5
23157,4.5
23158,3
23159,5
23160,6.5
23161,6.5
23162,3
23163,6
23164,3
23165,4
23166,4
23167,7
23168,6
23169,1.5
23170,4.5
23171,7.5
23172,3
23173,6.5
23174,5
23175,7
23176,6
23177,4.5
23178,2
23179,3
23180,6
23181,6.5
23182,1
23183,4.5
23184,3.5
23185,4
23186,4
23187,7
23188,3
23189,7
23190,1
23191,4.5
23192,1.5
23193,2
23194,3
23195,7
23196,4
23197,2.5
23198,5.5
23199,5.5
23200,2
23201,4.5
23202,1
23203,7.5
23204,7.5
23205,5
23206,3.5
23207,0.5
23208,5.5
23209,1.5
23210,3.5
23211,3
23212,3
23213,6.5
23214,2.5
23215,1
23216,6.5
23217,6.5
23218,3
23219,3.5
23220,3
23221,2.5
23222,7
23223,2
23224,7.5
23225,2.5
23226,3
23227,6
23228,1.5
23229,1.5
23230,3.5
23231,4.5
23232,2.5
23233,7
23234,5
23235,1
23236,1.5
23237,4
23238,2.5
23239,4
23240,7
23241,5
23242,6
23243,4
23244,4.5
23245,5.5
23246,4
23247,7
23248,6
23249,6.5
23250,1
23251,2.5
23252,0
23253,2.5
23254,4.5
23255,7.5
23256,6
23257,5.5
23258,7
23259,4.5
23260,4
23261,3
23262,6.5
23263,6.5
23264,3
23265,0.5
23266,3.5
23267,7.5
23268,7.5
23269,4.5
23270,5
23271,4.5
23272,4
23273,1
23274,3
23275,4.5
23276,1
23277,1
23278,6.5
23279,3.5
23280,0.5
23281,4.5
23282,5
23283,3
23284,5
23285,5.5
23286,2.5
23287,1.5
23288,3
23289,7
23290,5
23291,5.5
23292,6.5
23293,0.5
23294,5
23295,4
23296,2
23297,2.5
23298,6
23299,3
23300,7.5
23301,5
23302,5
23303,5
23304,4
23305,4
23306,4
23307,2.5
23308,6
23309,5
23310,5.5
23311,6
23312,6
23313,3
23314,5.5
23315,8.5
23316,2
23317,5.5
23318,3.5
23319,3.5
23320,3
23321,7.5
23322,7.5
23323,7
23324,2.5
23325,2.5
23326,4
23327,4.5
23328,5.5
23329,7
23330,0.5
23331,9
23332,3
23333,4.5
23334,7.5
23335,7.5
23336,5
23337,5.5
23338,5
23339,7
23340,1.5
23341,6.5
23342,2
23343,5.5
23344,5
23345,7
23346,0.5
23347,3.5
23348,5
23349,4
23350,6.5
23351,1
23352,2
23353,4.5
23354,5
23355,5.5
23356,6
23357,1
23358,6
23359,3
23360,3
23361,2.5
23362,0
23363,1.5
23364,4
23365,0.5
23366,3.5
23367,5
23368,8
23369,3
23370,7.5
23371,6
23372,2.5
23373,6
23374,3
23375,3.5
23376,8
23377,5.5
23378,1.5
23379,3.5
23380,4.5
23381,2
23382,4
23383,1
23384,2.5
23385,4
23386,2
23387,7.5
23388,7.5
23389,4
23390,2
23391,7
23392,6
23393,4
23394,7.5
23395,1.5
23396,9
23397,7
23398,5
23399,2.5
23400,2
23401,7
23402,4
23403,4.5
23404,7.5
23405,2.5
23406,1.5
23407,4.5
23408,2
23409,5.5
23410,4.5
23411,5
23412,7.5
23413,7
23414,7
23415,3.5
23416,3
23417,4
23418,3.5
23419,5
23420,3
23421,0.5
23422,4.5
23423,1.5
23424,6.5
23425,5.5
23426,0
23427,6
23428,4
23429,0.5
23430,0.5
23431,2.5
23432,4.5
23433,5.5
23434,4.5
23435,4
23436,4
23437,4
23438,6.5
23439,2
23440,7
23441,3
23442,5
23443,4.5
23444,1.5
23445,6
23446,5.5
23447,3.5
23448,5.5
23449,7.5
23450,5
23451,6
23452,5
23453,7
23454,4
23455,4
23456,5
23457,0
23458,7.5
23459,5.5
23460,4
23461,4
23462,4.5
23463,7
23464,3
23465,4.5
23466,6
23467,4
23468,0.5
23469,5.5
23470,8
23471,6.5
23472,2.5
23473,2.5
23474,4.5
23475,5.5
23476,5
23477,2
23478,2.5
23479,4
23480,2
23481,7
23482,3
23483,5
23484,5
